method,setting,split,accuracy,precision_F,recall_F,precision_M,recall_M,cm_FF,cm_FM,cm_MF,cm_MM
Gaussian Bayes,"height; P(F)=0.50, P(M)=0.50",train,0.86,0.875,0.84,0.8461538461538461,0.88,42,8,6,44
Gaussian Bayes,"height; P(F)=0.50, P(M)=0.50",test1,0.9428571428571428,0.9333333333333333,0.9333333333333333,0.95,0.95,14,1,1,19
Gaussian Bayes,"height; P(F)=0.50, P(M)=0.50",test2,0.91,0.6666666666666666,0.92,0.9826839826839827,0.908,46,4,23,227
Gaussian Bayes,"height; P(F)=0.75, P(M)=0.25",train,0.84,0.765625,0.98,0.9722222222222222,0.7,49,1,15,35
Gaussian Bayes,"height; P(F)=0.75, P(M)=0.25",test1,0.8857142857142857,0.8235294117647058,0.9333333333333333,0.9444444444444444,0.85,14,1,3,17
Gaussian Bayes,"height; P(F)=0.75, P(M)=0.25",test2,0.78,0.42857142857142855,0.96,0.9893617021276596,0.744,48,2,64,186
Gaussian Bayes,"height; P(F)=0.90, P(M)=0.10",train,0.67,0.6049382716049383,0.98,0.9473684210526315,0.36,49,1,32,18
Gaussian Bayes,"height; P(F)=0.90, P(M)=0.10",test1,0.8,0.6818181818181818,1.0,1.0,0.65,15,0,7,13
Gaussian Bayes,"height; P(F)=0.90, P(M)=0.10",test2,0.51,0.25380710659898476,1.0,1.0,0.412,50,0,147,103
Gaussian Bayes,"weight; P(F)=0.50, P(M)=0.50",train,0.82,0.7857142857142857,0.88,0.8636363636363636,0.76,44,6,12,38
Gaussian Bayes,"weight; P(F)=0.50, P(M)=0.50",test1,0.9428571428571428,0.9333333333333333,0.9333333333333333,0.95,0.95,14,1,1,19
Gaussian Bayes,"weight; P(F)=0.50, P(M)=0.50",test2,0.8533333333333334,0.5365853658536586,0.88,0.9724770642201835,0.848,44,6,38,212
Gaussian Bayes,"weight; P(F)=0.75, P(M)=0.25",train,0.79,0.7230769230769231,0.94,0.9142857142857143,0.64,47,3,18,32
Gaussian Bayes,"weight; P(F)=0.75, P(M)=0.25",test1,0.8857142857142857,0.7894736842105263,1.0,1.0,0.8,15,0,4,16
Gaussian Bayes,"weight; P(F)=0.75, P(M)=0.25",test2,0.74,0.3870967741935484,0.96,0.9886363636363636,0.696,48,2,76,174
Gaussian Bayes,"weight; P(F)=0.90, P(M)=0.10",train,0.74,0.6621621621621622,0.98,0.9615384615384616,0.5,49,1,25,25
Gaussian Bayes,"weight; P(F)=0.90, P(M)=0.10",test1,0.7142857142857143,0.6,1.0,1.0,0.5,15,0,10,10
Gaussian Bayes,"weight; P(F)=0.90, P(M)=0.10",test2,0.5566666666666666,0.27071823204419887,0.98,0.9915966386554622,0.472,49,1,132,118
Gaussian Bayes,"height_weight_full_cov; P(F)=0.50, P(M)=0.50",train,0.88,0.88,0.88,0.88,0.88,44,6,6,44
Gaussian Bayes,"height_weight_full_cov; P(F)=0.50, P(M)=0.50",test1,0.9714285714285714,0.9375,1.0,1.0,0.95,15,0,1,19
Gaussian Bayes,"height_weight_full_cov; P(F)=0.50, P(M)=0.50",test2,0.8933333333333333,0.6125,0.98,0.9954545454545455,0.876,49,1,31,219
Gaussian Bayes,"height_weight_full_cov; P(F)=0.75, P(M)=0.25",train,0.86,0.7903225806451613,0.98,0.9736842105263158,0.74,49,1,13,37
Gaussian Bayes,"height_weight_full_cov; P(F)=0.75, P(M)=0.25",test1,0.8571428571428571,0.75,1.0,1.0,0.75,15,0,5,15
Gaussian Bayes,"height_weight_full_cov; P(F)=0.75, P(M)=0.25",test2,0.8,0.4537037037037037,0.98,0.9947916666666666,0.764,49,1,59,191
Gaussian Bayes,"height_weight_full_cov; P(F)=0.90, P(M)=0.10",train,0.79,0.7101449275362319,0.98,0.967741935483871,0.6,49,1,20,30
Gaussian Bayes,"height_weight_full_cov; P(F)=0.90, P(M)=0.10",test1,0.8,0.6818181818181818,1.0,1.0,0.65,15,0,7,13
Gaussian Bayes,"height_weight_full_cov; P(F)=0.90, P(M)=0.10",test2,0.6733333333333333,0.3356164383561644,0.98,0.9935064935064936,0.612,49,1,97,153
Gaussian Bayes,"height_weight_diag_cov; P(F)=0.50, P(M)=0.50",train,0.88,0.8518518518518519,0.92,0.9130434782608695,0.84,46,4,8,42
Gaussian Bayes,"height_weight_diag_cov; P(F)=0.50, P(M)=0.50",test1,0.9714285714285714,1.0,0.9333333333333333,0.9523809523809523,1.0,14,1,0,20
Gaussian Bayes,"height_weight_diag_cov; P(F)=0.50, P(M)=0.50",test2,0.9033333333333333,0.64,0.96,0.9911111111111112,0.892,48,2,27,223
Gaussian Bayes,"height_weight_diag_cov; P(F)=0.75, P(M)=0.25",train,0.87,0.8032786885245902,0.98,0.9743589743589743,0.76,49,1,12,38
Gaussian Bayes,"height_weight_diag_cov; P(F)=0.75, P(M)=0.25",test1,0.9714285714285714,0.9375,1.0,1.0,0.95,15,0,1,19
Gaussian Bayes,"height_weight_diag_cov; P(F)=0.75, P(M)=0.25",test2,0.85,0.5268817204301075,0.98,0.9951690821256038,0.824,49,1,44,206
Gaussian Bayes,"height_weight_diag_cov; P(F)=0.90, P(M)=0.10",train,0.82,0.7424242424242424,0.98,0.9705882352941176,0.66,49,1,17,33
Gaussian Bayes,"height_weight_diag_cov; P(F)=0.90, P(M)=0.10",test1,0.9142857142857143,0.8333333333333334,1.0,1.0,0.85,15,0,3,17
Gaussian Bayes,"height_weight_diag_cov; P(F)=0.90, P(M)=0.10",test2,0.8066666666666666,0.46226415094339623,0.98,0.9948453608247423,0.772,49,1,57,193
Minimum Risk Bayes,"height_weight_full_cov; P(F)=0.50, P(M)=0.50; loss M|F=2, loss F|M=1",train,0.84,0.7833333333333333,0.94,0.925,0.74,47,3,13,37
Minimum Risk Bayes,"height_weight_full_cov; P(F)=0.50, P(M)=0.50; loss M|F=2, loss F|M=1",test1,0.9428571428571428,0.8823529411764706,1.0,1.0,0.9,15,0,2,18
Minimum Risk Bayes,"height_weight_full_cov; P(F)=0.50, P(M)=0.50; loss M|F=2, loss F|M=1",test2,0.8433333333333334,0.5157894736842106,0.98,0.9951219512195122,0.816,49,1,46,204
Parzen Bayes,"height_weight; Gaussian kernel h=5.0; P(F)=0.50, P(M)=0.50",train,0.87,0.8363636363636363,0.92,0.9111111111111111,0.82,46,4,9,41
Parzen Bayes,"height_weight; Gaussian kernel h=5.0; P(F)=0.50, P(M)=0.50",test1,0.9714285714285714,1.0,0.9333333333333333,0.9523809523809523,1.0,14,1,0,20
Parzen Bayes,"height_weight; Gaussian kernel h=5.0; P(F)=0.50, P(M)=0.50",test2,0.9033333333333333,0.64,0.96,0.9911111111111112,0.892,48,2,27,223
kNN,height_weight; k=5,train,0.89,0.8679245283018868,0.92,0.9148936170212766,0.86,46,4,7,43
kNN,height_weight; k=5,test1,1.0,1.0,1.0,1.0,1.0,15,0,0,20
kNN,height_weight; k=5,test2,0.9033333333333333,0.64,0.96,0.9911111111111112,0.892,48,2,27,223
