sample_id,x1,x2,label
class_1_009,2.513773,0.806506,class_1
class_0_053,1.302934,0.066012,class_0
class_1_076,1.514003,2.965961,class_1
class_1_003,1.051599,3.080982,class_1
class_1_193,2.009665,3.066834,class_1
class_1_156,2.667607,1.065372,class_1
class_0_141,2.242787,1.775065,class_0
class_0_091,2.292343,-1.24947,class_0
class_0_198,-2.374009,-0.287111,class_0
class_0_135,-1.411976,-0.03363,class_0
class_0_017,0.682323,1.242681,class_0
class_1_072,3.754096,1.193991,class_1
class_0_120,-0.459358,0.685271,class_0
class_1_135,2.922657,2.248822,class_1
class_0_103,1.27361,1.587853,class_0
class_0_094,-0.43938,0.057654,class_0
class_1_027,2.062207,2.366906,class_1
class_1_169,4.249545,2.308879,class_1
class_0_157,0.266709,0.905107,class_0
class_1_116,5.22923,1.815761,class_1
class_0_024,-2.469159,-0.41738,class_0
class_0_084,-1.518166,-1.23745,class_0
class_1_152,3.048618,-0.006876,class_1
class_1_050,3.430482,1.460917,class_1
class_0_190,0.06212,-1.804074,class_0
class_0_164,-0.960703,-1.192627,class_0
class_1_125,4.372923,1.261216,class_1
class_0_154,-0.236743,-0.087772,class_0
class_1_196,2.103427,1.590515,class_1
class_0_160,-2.85357,-1.174013,class_0
class_1_167,1.497814,1.30261,class_1
class_0_100,2.042422,1.013157,class_0
class_1_141,2.673422,-1.491796,class_1
class_0_174,2.01731,0.4857,class_0
class_1_113,3.683021,0.950906,class_1
class_1_066,3.950094,1.451513,class_1
class_0_083,0.718527,1.035491,class_0
class_0_175,-0.47723,0.4984,class_0
class_1_073,3.298497,3.006096,class_1
class_1_165,2.691711,3.99493,class_1
class_1_130,5.075196,0.75005,class_1
class_0_011,-2.297338,1.196182,class_0
class_1_095,1.878977,1.529343,class_1
class_1_175,4.178834,2.287053,class_1
class_1_056,2.999448,2.844236,class_1
class_1_030,4.28647,0.092357,class_1
class_1_195,3.298612,2.104946,class_1
class_0_068,-2.895511,-0.863983,class_0
class_0_121,1.267096,-0.123437,class_0
class_1_067,1.409954,3.550317,class_1
class_1_177,3.123318,2.496993,class_1
class_1_091,1.859454,1.576617,class_1
class_1_143,2.811981,3.03079,class_1
class_1_055,1.045664,1.744086,class_1
class_0_172,-1.136084,1.247961,class_0
class_1_102,2.289432,2.49984,class_1
class_0_139,1.09698,-1.242893,class_0
class_1_097,4.065275,0.745695,class_1
class_1_036,3.403305,1.973336,class_1
class_1_181,3.651457,4.941974,class_1
class_0_152,-0.425842,-0.05559,class_0
class_1_005,1.738788,1.485479,class_1
class_1_000,3.05913,2.393788,class_1
class_0_064,0.494626,-0.66797,class_0
class_1_092,4.969375,0.337461,class_1
class_1_105,4.592235,0.026141,class_1
class_1_033,2.51471,2.324352,class_1
class_0_133,1.367136,0.444121,class_0
class_0_163,0.582538,1.199579,class_0
class_1_044,4.390059,3.393357,class_1
class_0_113,1.530009,0.26359,class_0
class_1_025,2.841993,4.126714,class_1
class_1_047,2.042882,4.810529,class_1
class_1_133,0.729141,3.9445,class_1
class_0_013,-0.283413,0.724993,class_0
class_1_158,3.572062,3.370685,class_1
class_1_041,5.094798,4.696857,class_1
class_0_022,-0.571467,-0.114293,class_0
class_0_102,-1.220391,-1.592916,class_0
class_1_008,4.027712,0.869771,class_1
class_1_085,2.685875,2.267862,class_1
class_0_009,0.612056,-1.174581,class_0
class_1_183,2.656878,3.303905,class_1
class_0_060,1.746407,0.747706,class_0
class_0_197,-1.216465,0.240622,class_0
class_0_116,-0.194743,-0.168371,class_0
class_1_049,4.447994,1.458379,class_1
class_0_050,1.493623,0.125769,class_0
class_1_086,3.274412,0.397604,class_1
class_0_131,2.018829,1.294137,class_0
class_1_173,0.129507,3.792257,class_1
class_1_032,2.829203,2.237708,class_1
class_1_029,4.42986,1.858977,class_1
class_0_182,-0.708395,-0.614283,class_0
class_0_106,-0.202939,-0.792867,class_0
class_0_021,1.171457,1.196012,class_0
class_1_007,1.832387,0.610155,class_1
class_0_177,1.845711,1.679764,class_0
class_0_107,1.132893,1.066776,class_0
class_0_059,0.535631,-0.123321,class_0
class_1_069,1.601032,2.482037,class_1
class_1_064,1.382158,2.17644,class_1
class_1_154,3.40458,1.174143,class_1
class_0_063,0.529031,0.640513,class_0
class_1_080,2.084794,3.223388,class_1
class_1_031,3.466367,3.810083,class_1
class_0_193,-0.047256,-0.382692,class_0
class_0_007,-0.340148,-0.423163,class_0
class_1_099,2.595123,3.421734,class_1
class_1_024,2.818561,3.403374,class_1
class_1_137,3.50133,2.158575,class_1
class_0_117,0.28842,0.304479,class_0
class_0_031,-0.870331,-0.169748,class_0
class_0_080,-0.577667,-1.054211,class_0
class_0_109,-1.337925,-0.282223,class_0
class_0_087,0.55374,1.110776,class_0
class_1_028,1.944559,2.256937,class_1
class_1_109,3.373648,1.422928,class_1
class_0_183,-2.666053,0.115005,class_0
class_1_013,2.379995,0.736764,class_1
class_1_186,2.309569,3.299713,class_1
class_1_082,2.868616,2.739795,class_1
class_0_153,-1.410973,-0.77764,class_0
class_1_014,1.858632,1.327418,class_1
class_1_108,0.953846,3.230485,class_1
class_0_043,1.903577,0.682576,class_0
class_1_035,2.645572,0.998711,class_1
class_1_179,3.045595,0.232861,class_1
class_0_119,0.329989,1.025035,class_0
class_0_029,-2.816049,-0.564314,class_0
class_0_061,-0.564199,-0.924903,class_0
class_1_089,2.439632,1.066088,class_1
class_0_018,0.314011,-0.531605,class_0
class_0_052,-0.06454,-0.5525,class_0
class_0_192,3.048873,-0.51794,class_0
class_1_106,1.248605,3.098042,class_1
class_1_037,0.627395,3.299155,class_1
class_1_026,3.055708,1.962028,class_1
class_1_012,2.334701,2.140744,class_1
class_1_138,2.907967,3.519747,class_1
class_0_127,-1.398575,-1.070606,class_0
class_0_123,2.193083,1.365753,class_0
class_0_016,-1.092043,0.980458,class_0
class_1_119,2.749093,2.88834,class_1
class_0_129,0.485313,-0.225404,class_0
class_1_159,4.76961,2.872351,class_1
class_0_098,-0.097019,-0.173891,class_0
class_1_170,2.990163,3.953133,class_1
class_0_125,1.220568,-0.508322,class_0
class_1_051,1.87336,3.24061,class_1
class_1_060,3.626036,2.982403,class_1
class_0_086,-0.682014,-0.3684,class_0
class_1_004,4.553368,1.719701,class_1
class_0_075,1.162599,1.313065,class_0
class_1_078,3.728754,0.347655,class_1
class_0_039,-0.732059,0.454526,class_0
class_0_115,1.628567,1.642566,class_0
class_0_033,-0.8568,-1.178021,class_0
class_0_105,-1.328725,0.271671,class_0
class_0_069,0.099888,0.16075,class_0
class_1_068,2.559953,2.149802,class_1
class_0_085,1.103171,1.863691,class_0
class_1_104,1.893766,1.468507,class_1
class_1_150,5.134087,0.803338,class_1
class_1_139,3.571371,2.047555,class_1
class_0_165,1.328476,1.196519,class_0
class_1_132,4.732717,1.515113,class_1
class_0_076,0.965085,-1.016672,class_0
class_1_172,2.949037,1.120848,class_1
class_1_180,3.654568,2.39908,class_1
class_1_111,2.663698,4.544729,class_1
class_1_115,3.154838,1.77105,class_1
class_1_093,5.289854,2.692327,class_1
class_0_042,-0.030228,-0.083675,class_0
class_1_020,2.867931,3.288398,class_1
class_0_195,-2.889041,-1.227207,class_0
class_1_096,3.38325,-0.447738,class_1
class_1_168,3.633353,1.714415,class_1
class_1_034,1.649434,4.155002,class_1
class_1_155,0.61424,1.758402,class_1
class_0_194,-1.294005,-0.163233,class_0
class_0_040,2.928594,1.183944,class_0
class_1_070,3.247596,0.241105,class_1
class_1_122,0.821605,3.025604,class_1
class_0_168,1.172118,1.202791,class_0
class_0_025,1.083073,-0.034514,class_0
class_1_114,3.685102,1.532329,class_1
class_0_023,-3.668205,-0.047168,class_0
class_0_028,0.768257,0.659365,class_0
class_0_101,-1.487319,-0.966405,class_0
class_0_005,-0.714764,1.836749,class_0
class_1_163,2.622354,2.515876,class_1
class_1_190,2.623965,3.475713,class_1
class_0_048,0.318386,1.581447,class_0
class_0_150,1.071834,0.441218,class_0
class_1_090,1.511002,3.823373,class_1
class_0_187,1.77029,1.572117,class_0
class_1_019,5.300307,1.236786,class_1
class_1_083,3.611913,2.866188,class_1
class_0_082,-0.588518,0.589045,class_0
class_1_016,1.494552,4.286951,class_1
class_1_075,3.06463,-0.024089,class_1
class_0_008,0.825392,0.098528,class_0
class_0_056,0.200338,-1.361603,class_0
class_1_197,3.724485,4.516184,class_1
class_1_112,3.894445,1.66079,class_1
class_0_126,0.110901,-0.08614,class_0
class_0_166,1.073999,-1.093342,class_0
class_1_160,4.923718,-0.471776,class_1
class_1_153,2.809707,3.650746,class_1
class_0_188,1.150399,-1.401667,class_0
class_0_096,-0.786815,0.301335,class_0
class_0_036,-1.984716,-1.335988,class_0
class_1_199,5.726747,0.777687,class_1
class_0_104,0.763515,-0.94844,class_0
class_0_026,-0.339081,0.071681,class_0
class_0_158,-0.023292,-0.565267,class_0
class_0_132,-0.095212,-1.671394,class_0
class_0_072,-0.118871,-1.006919,class_0
class_1_039,2.460764,3.549113,class_1
class_1_157,3.367416,1.819598,class_1
class_0_170,0.31281,1.245131,class_0
class_1_074,3.205333,1.192903,class_1
class_0_071,0.446998,1.899175,class_0
class_0_070,-0.393713,0.853613,class_0
class_1_129,3.394331,1.942377,class_1
class_0_093,0.329279,-0.345324,class_0
class_0_027,-0.924949,-0.162733,class_0
class_0_074,-2.054383,-1.731649,class_0
class_0_081,0.659224,1.203853,class_0
class_1_002,1.515145,2.267193,class_1
class_0_010,-0.616993,-0.951973,class_0
class_0_044,-1.464617,-1.972013,class_0
class_1_058,4.450641,2.516039,class_1
class_1_161,4.301157,2.907048,class_1
class_0_012,-2.899398,-1.750558,class_0
class_1_146,3.675774,1.87353,class_1
class_1_045,2.871703,3.645858,class_1
class_0_181,1.03992,0.506414,class_0
class_1_038,3.135814,5.146298,class_1
class_1_061,4.15214,1.180418,class_1
class_1_107,2.900004,3.40329,class_1
class_1_198,3.019805,2.383673,class_1
class_0_077,1.035919,-2.149141,class_0
class_1_084,1.432255,4.057208,class_1
class_0_099,0.629516,0.530825,class_0
class_0_037,-0.075257,-1.066762,class_0
class_0_162,0.348023,1.077235,class_0
class_1_162,2.267527,3.903195,class_1
class_1_017,1.934581,3.523106,class_1
class_1_018,4.189475,0.91934,class_1
class_1_117,4.424289,-0.871056,class_1
class_0_004,1.13326,0.706565,class_0
class_1_185,3.104735,-0.88752,class_1
class_1_098,4.053451,0.986998,class_1
class_0_000,-1.301384,-0.123433,class_0
class_1_053,3.041261,-0.460645,class_1
class_1_189,4.09202,0.161999,class_1
class_1_088,2.537459,2.483299,class_1
class_0_156,0.99571,1.141651,class_0
class_1_123,3.37007,4.829829,class_1
class_1_148,4.405204,1.571107,class_1
class_0_020,-0.747037,1.669522,class_0
class_1_194,4.646176,3.707194,class_1
class_1_131,1.76402,2.233974,class_1
class_0_146,0.931025,0.509325,class_0
class_0_078,0.835871,0.064912,class_0
class_0_171,-1.488508,-1.31648,class_0
class_0_032,1.188188,0.729667,class_0
class_1_192,2.272623,2.961338,class_1
class_0_184,-0.001327,-0.938933,class_0
class_0_143,1.493939,0.089237,class_0
class_0_045,-1.661819,0.157139,class_0
class_0_090,-0.71957,1.519718,class_0
class_1_128,4.159414,2.345961,class_1
class_0_186,-1.989384,-1.801868,class_0
class_0_185,-0.392775,-1.327195,class_0
class_0_145,3.006674,1.603095,class_0
class_1_142,4.292002,-0.273335,class_1
class_0_001,-1.014079,1.631503,class_0
class_1_001,3.193382,1.657281,class_1
class_0_173,1.564253,0.026513,class_0
class_0_092,1.662659,-0.739987,class_0
class_1_040,1.31412,2.501393,class_1
class_1_126,3.878244,1.139321,class_1
class_1_043,3.589248,2.041471,class_1
class_1_081,3.881212,1.258738,class_1
class_1_151,2.207071,1.794618,class_1
class_0_134,2.122237,-0.568494,class_0
class_1_011,3.390617,1.942215,class_1
class_1_166,1.730008,0.944421,class_1
class_0_169,0.939925,-1.245349,class_0
class_1_164,2.470178,3.167677,class_1
class_0_097,-1.259672,-0.806323,class_0
class_1_103,2.622533,1.956137,class_1
class_0_161,0.150037,-0.438804,class_0
class_0_055,0.778758,-0.838004,class_0
class_0_034,-0.766029,0.569183,class_0
class_0_038,1.381943,1.693725,class_0
class_1_046,5.718178,3.013492,class_1
class_0_114,0.689406,1.527681,class_0
class_0_112,1.124852,1.097928,class_0
class_1_178,3.17125,1.022516,class_1
class_0_062,1.092546,0.926859,class_0
class_1_063,2.744349,2.92411,class_1
class_0_151,-2.127273,1.140171,class_0
class_1_054,5.206586,2.451603,class_1
class_0_111,1.843331,0.435606,class_0
class_0_144,-0.176823,0.500028,class_0
class_1_059,3.413098,1.478482,class_1
class_1_052,3.831319,1.149997,class_1
class_0_066,1.116222,-0.69882,class_0
class_0_199,-0.755195,-0.825258,class_0
class_1_048,4.400589,0.947791,class_1
class_1_147,1.017625,1.458963,class_1
class_0_054,0.910566,0.002624,class_0
class_1_042,3.707333,0.693089,class_1
class_1_120,1.471507,1.798548,class_1
class_1_065,4.297929,2.341723,class_1
class_1_188,2.961531,3.000918,class_1
class_0_128,-0.934645,-0.661665,class_0
class_0_073,0.960999,-0.062924,class_0
class_0_049,0.706888,0.631042,class_0
class_0_035,2.03397,0.3714,class_0
class_0_180,-0.366797,-0.456664,class_0
class_0_179,-2.601723,-0.056297,class_0
class_1_136,2.921239,3.220116,class_1
class_1_010,2.229953,2.606957,class_1
class_0_058,1.111838,-0.111264,class_0
class_1_077,2.893021,-1.223076,class_1
class_1_144,2.443792,4.184212,class_1
class_1_149,4.607989,2.576816,class_1
class_0_051,0.170158,-0.275374,class_0
class_0_140,-1.171818,-2.704913,class_0
class_0_191,-0.797583,0.01296,class_0
class_1_021,3.817174,2.458732,class_1
class_0_167,-1.965832,-0.453359,class_0
class_0_041,-1.47049,0.453666,class_0
class_0_155,-1.050398,-1.177375,class_0
class_1_015,2.987599,2.272822,class_1
class_0_196,1.394852,0.510361,class_0
class_0_136,-1.221846,-0.530541,class_0
class_0_110,-0.264359,-0.470546,class_0
class_0_176,-2.288755,-0.624876,class_0
class_0_095,-2.96844,-0.873397,class_0
class_1_006,2.323717,2.126659,class_1
class_0_065,-1.976333,-0.34428,class_0
class_1_121,1.610042,2.807698,class_1
class_1_079,2.374939,3.289509,class_1
class_1_071,3.885637,0.543366,class_1
class_0_079,-0.622744,-1.252597,class_0
class_1_124,3.771676,-0.446349,class_1
class_0_089,-0.682173,2.288348,class_0
class_1_187,4.001942,2.025332,class_1
class_1_184,4.679442,2.541129,class_1
class_1_110,4.614417,0.745004,class_1
class_1_062,3.866315,2.547544,class_1
class_0_015,-1.069904,0.600512,class_0
class_0_178,3.247905,-0.052886,class_0
class_0_189,-0.041973,0.785531,class_0
class_0_002,-0.627922,1.115557,class_0
class_1_134,3.48097,3.01398,class_1
class_1_022,2.188528,4.717137,class_1
class_0_057,-0.578248,0.367357,class_0
class_1_057,4.317052,3.135734,class_1
class_0_088,0.58431,0.219924,class_0
class_1_118,0.426474,3.860328,class_1
class_1_101,2.605286,3.255906,class_1
class_0_159,1.762765,0.490356,class_0
class_1_182,3.297917,0.649145,class_1
class_0_138,-0.679419,0.167537,class_0
class_1_094,2.572342,2.20414,class_1
class_0_014,-2.936784,1.48221,class_0
class_0_003,-0.907798,-0.628991,class_0
class_0_122,-1.911343,0.922266,class_0
class_0_019,-1.158529,-0.667665,class_0
class_0_118,0.615451,0.094619,class_0
class_0_148,-0.125422,1.21243,class_0
class_0_006,-2.061161,-1.420641,class_0
class_1_171,2.677732,2.529116,class_1
class_0_046,-1.57841,-1.414314,class_0
class_0_137,2.721415,-0.13774,class_0
class_0_047,0.774551,0.212615,class_0
class_1_176,4.05997,2.396174,class_1
class_0_142,-0.903806,-1.263444,class_0
class_1_191,2.858129,1.319847,class_1
class_0_124,-1.622026,-0.851266,class_0
class_0_067,0.400674,0.951165,class_0
class_1_100,2.18897,2.691448,class_1
class_1_174,3.031901,3.855542,class_1
class_1_140,4.970774,-0.108375,class_1
class_0_147,-1.382941,-1.755118,class_0
class_0_130,-0.460531,0.39879,class_0
class_0_108,1.114853,-0.533923,class_0
class_0_149,0.676061,0.80669,class_0
class_0_030,-0.419078,-0.863818,class_0
class_1_087,3.048958,2.115066,class_1
class_1_145,2.27721,5.019737,class_1
class_1_023,4.371671,1.515369,class_1
class_1_127,2.711731,2.333659,class_1
